customer_id,customer_name,region
C0001,Grace Tetteh,Ashanti
C0002,Efua Nyarko,Greater Accra
C0003,Kojo Adjei,Central
C0004,Samuel Darko,Western
C0005,Daniel Addo,Northern
C0006,Adwoa Boateng,Eastern
C0007,Efua Antwi,Northern
C0008,Adwoa Addo,Greater Accra
C0009,Adwoa Tetteh,Ashanti
C0010,Ama Adjei,Central
C0011,Kojo Tetteh,Greater Accra
C0012,Adwoa Quaye,Ashanti
C0013,Abena Boateng,Ashanti
C0014,Grace Agyeman,Western
C0015,Adwoa Adjei,Western
C0016,Nana Boateng,Ashanti
C0017,Priscilla Tetteh,Greater Accra
C0018,Kojo Osei,Central
C0019,Esi Owusu,Ashanti
C0020,Abena Darko,Ashanti
C0021,Kojo Quaye,Greater Accra
C0022,Priscilla Agyeman,Northern
C0023,Kofi Adjei,Eastern
C0024,Samuel Amankwah,Ashanti
C0025,Kofi Asare,Volta
C0026,Michael Boateng,Greater Accra
C0027,Efua Appiah,Northern
C0028,Mabel Amankwah,Volta
C0029,Kofi Mensah,Western
C0030,Mabel Amankwah,Eastern
C0031,Kofi Nyarko,Greater Accra
C0032,Kofi Agyeman,Western
C0033,Joseph Antwi,Ashanti
C0034,Ama Osei,Greater Accra
C0035,Esi Nyarko,Northern
C0036,Kofi Tetteh,Northern
C0037,Esi Appiah,Greater Accra
C0038,Kofi Owusu,Volta
C0039,Kojo Asare,Ashanti
C0040,Linda Antwi,Volta
C0041,Mabel Antwi,Volta
C0042,Akosua Antwi,Northern
C0043,Abena Quaye,Eastern
C0044,Linda Addo,Western
C0045,Kofi Mensah,Northern
C0046,Ama Antwi,Eastern
C0047,Esi Quaye,Volta
C0048,Yaw Osei,Greater Accra
C0049,Grace Amankwah,Eastern
C0050,Abena Tetteh,Northern
C0051,Kofi Appiah,Greater Accra
C0052,Esi Osei,Greater Accra
C0053,Grace Appiah,Western
C0054,Isaac Asare,Central
C0055,Yaw Antwi,Volta
C0056,Priscilla Boateng,Greater Accra
C0057,Joseph Osei,Eastern
C0058,Adwoa Adjei,Eastern
C0059,Akosua Owusu,Ashanti
C0060,Linda Nyarko,Ashanti
C0061,Kojo Adjei,Greater Accra
C0062,Abena Asare,Central
C0063,Efua Agyeman,Greater Accra
C0064,Kojo Quaye,Central
C0065,Linda Nyarko,Western
C0066,Kojo Tetteh,Volta
C0067,Esi Quaye,Ashanti
C0068,Linda Osei,Greater Accra
C0069,Yaw Addo,Greater Accra
C0070,Daniel Quaye,Eastern
C0071,Priscilla Asare,Western
C0072,Akosua Nyarko,Greater Accra
C0073,Kwame Boateng,Greater Accra
C0074,Adwoa Appiah,Ashanti
C0075,Michael Antwi,Greater Accra
C0076,Abena Tetteh,Northern
C0077,Kofi Boateng,Central
C0078,Priscilla Asare,Eastern
C0079,Nana Owusu,Central
C0080,Esi Adjei,Ashanti
C0081,Samuel Osei,Central
C0082,Akosua Nyarko,Western
C0083,Priscilla Owusu,Ashanti
C0084,Nana Appiah,Western
C0085,Isaac Osei,Ashanti
C0086,Priscilla Nyarko,Greater Accra
C0087,Michael Darko,Ashanti
C0088,Kofi Owusu,Ashanti
C0089,Abena Osei,Central
C0090,Mabel Darko,Volta
C0091,Adwoa Antwi,Eastern
C0092,Daniel Tetteh,Ashanti
C0093,Efua Adjei,Western
C0094,Kwame Antwi,Ashanti
C0095,Linda Antwi,Northern
C0096,Mabel Tetteh,Ashanti
C0097,Yaw Owusu,Greater Accra
C0098,Esi Owusu,Ashanti
C0099,Kojo Antwi,Greater Accra
C0100,Mabel Asare,Ashanti
C0101,Abena Agyeman,Eastern
C0102,Ama Quaye,Central
C0103,Nana Quaye,Ashanti
C0104,Kwame Owusu,Ashanti
C0105,Daniel Owusu,Eastern
C0106,Linda Quaye,Volta
C0107,Linda Antwi,Northern
C0108,Kofi Boateng,Greater Accra
C0109,Grace Amankwah,Greater Accra
C0110,Samuel Appiah,Eastern
C0111,Daniel Osei,Greater Accra
C0112,Linda Quaye,Greater Accra
C0113,Nana Appiah,Greater Accra
C0114,Efua Adjei,Central
C0115,Daniel Quaye,Northern
C0116,Yaw Antwi,Greater Accra
C0117,Kofi Osei,Eastern
C0118,Esi Boateng,Western
C0119,Abena Nyarko,Central
C0120,Abena Nyarko,Ashanti
C0121,Joseph Owusu,Ashanti
C0122,Efua Owusu,Eastern
C0123,Akosua Agyeman,Central
C0124,Mabel Nyarko,Greater Accra
C0125,Yaw Agyeman,Greater Accra
C0126,Ama Antwi,Greater Accra
C0127,Nana Boateng,Volta
C0128,Joseph Adjei,Greater Accra
C0129,Yaw Asare,Greater Accra
C0130,Ama Tetteh,Greater Accra
C0131,Kojo Tetteh,Ashanti
C0132,Nana Asare,Eastern
C0133,Kojo Darko,Northern
C0134,Daniel Addo,Western
C0135,Adwoa Adjei,Ashanti
C0136,Isaac Tetteh,Greater Accra
C0137,Grace Osei,Ashanti
C0138,Joseph Darko,Greater Accra
C0139,Michael Osei,Eastern
C0140,Abena Antwi,Greater Accra
C0141,Priscilla Tetteh,Central
C0142,Michael Asare,Greater Accra
C0143,Efua Mensah,Western
C0144,Kofi Quaye,Central
C0145,Efua Adjei,Ashanti
C0146,Adwoa Tetteh,Greater Accra
C0147,Linda Agyeman,Ashanti
C0148,Daniel Boateng,Eastern
C0149,Samuel Appiah,Western
C0150,Samuel Darko,Central
C0151,Mabel Tetteh,Ashanti
C0152,Mabel Agyeman,Central
C0153,Samuel Boateng,Volta
C0154,Priscilla Mensah,Ashanti
C0155,Daniel Addo,Ashanti
C0156,Kojo Agyeman,Western
C0157,Efua Appiah,Western
C0158,Linda Osei,Central
C0159,Abena Adjei,Greater Accra
C0160,Ama Addo,Western
C0161,Priscilla Darko,Western
C0162,Efua Antwi,Ashanti
C0163,Nana Addo,Greater Accra
C0164,Efua Nyarko,Greater Accra
C0165,Kwame Tetteh,Volta
C0166,Nana Asare,Ashanti
C0167,Joseph Appiah,Greater Accra
C0168,Yaw Tetteh,Greater Accra
C0169,Kwame Owusu,Ashanti
C0170,Akosua Nyarko,Greater Accra
C0171,Linda Osei,Greater Accra
C0172,Samuel Osei,Ashanti
C0173,Grace Owusu,Central
C0174,Samuel Amankwah,Northern
C0175,Adwoa Agyeman,Northern
C0176,Linda Adjei,Greater Accra
C0177,Efua Agyeman,Ashanti
C0178,Linda Addo,Central
C0179,Ama Osei,Western
C0180,Linda Tetteh,Greater Accra
